,y
0,-66.0024234902312
1,451.4065044011533
2,-461.676417060298
3,40.50120875372508
4,-126.7447224540385
5,-342.5345518192524
6,-396.55554211358856
7,335.54127907908793
8,-99.51242087062478
9,304.81253980627594
10,68.89453048978602
11,412.36919545590854
12,54.942371024767596
13,-17.005550754780025
14,-597.8499575722612
15,443.50228878641406
16,144.77448697804294
17,-57.41116367253751
18,134.38782757746324
19,-108.98377598910886
20,153.82482842506755
21,611.735983602203
22,588.3896503384229
23,-131.01679995801965
24,-61.13562114122833
25,-374.24849531697225
26,74.15799307965416
27,137.43837873610366
28,420.08661179679046
29,196.76562571344533
30,268.4428498005337
31,638.4749102511099
32,127.37873138691751
33,1.3491187583998263
34,22.71045317740651
35,342.23953452256507
36,307.7039669741719
37,348.138208700942
38,-168.65286130735433
39,-20.221130904618125
40,-551.74992757311
41,-429.9718040667416
42,261.8919587067432
43,389.82042612922095
44,-96.16562227356602
45,-210.71080125632707
46,278.8818687840129
47,-427.4533010310484
48,-172.90325291756983
49,467.2643783557839
50,-631.5587355874396
51,-355.5316593381775
52,143.1732755386044
53,69.19920259894153
54,275.5882739767272
55,-263.1886122041038
56,167.49830723241172
57,104.57789589014129
58,230.07008661007737
59,20.988026644577026
60,-4.822581262502258
61,-201.9229408106376
62,560.0639265657704
63,55.28847625244846
64,671.3015746918342
65,-493.7487382852291
66,-279.3530367325918
67,-53.71252761314591
68,379.69819550097645
69,315.0714108579842
70,169.13001732614225
71,-271.59930326901
72,783.8022226750337
73,44.577311515548374
74,57.406780054579
75,-161.07827414306843
76,-220.66957847885706
77,223.2412944292918
78,352.6655955437567
79,13.163291366266613
80,-461.9941469857303
81,305.3721466914245
82,-230.59656173860998
83,359.07444324254396
84,-430.2605633759206
85,-115.5488220554647
86,-88.96006387867364
87,-488.2901898080423
88,-139.350338547136
89,57.33880810852556
90,-190.33624272166463
91,-6.5080929148237505
92,189.2910777470175
93,346.6036781856557
94,871.6273206485915
95,-147.01353738653947
96,443.4899377794311
97,-30.498432974439083
98,185.46345753445772
99,-119.91717151732749
100,43.57523800180961
101,58.31857155224322
102,-197.1524682983988
103,-70.47160678841244
104,-342.84605328866724
105,-29.23358987371646
106,49.52292929610395
107,-16.24614413791143
108,33.77506926160742
109,-68.88307748324134
110,25.863399493695837
111,-617.3142842716965
112,-185.90441301194994
113,323.78310610938803
114,-35.66219572212663
115,-733.5297711613844
116,-240.73856264735957
117,-381.97314662424884
118,75.31994462169477
119,36.61032645911664
120,-28.756270225024664
121,-481.1606279685904
122,408.8502304229902
123,-765.0217471991639
124,178.07269651637145
125,-7.649879385670988
126,134.7968462337584
127,-477.45851421286915
128,-248.70625301323676
129,-361.88465722386417
130,-18.755611748553793
131,7.795604374434383
132,-109.10598972538513
133,-63.073745242194896
134,591.823183734917
135,259.6126336966296
136,-279.865832008767
137,93.22535940051866
138,-427.28731541913555
139,84.38656633089882
140,-311.54463064415813
141,11.419268612559799
142,-297.83146842358434
143,-331.92897096864425
144,656.0132305257315
145,-476.66268136505533
146,361.1940451337729
147,-150.18526861192288
148,299.9467190243263
149,-191.72143219270583
150,151.94999511611982
151,-64.67275781576627
152,351.24486163063267
153,-370.6364457562723
154,349.22498178611113
155,273.5246096168017
156,783.197184319688
157,-124.2378897357382
158,-155.22004432990818
159,-506.95564938641195
160,201.69321238561668
161,-415.1740571596374
162,-348.16510516956595
163,-201.9522410868112
164,-658.950447053337
165,179.34640168171507
166,124.06925816168769
167,-209.1502535520171
168,213.70513477400593
169,-82.11721023809018
170,-97.11026989727229
171,124.26800574647918
172,50.289915657144675
173,538.7439592813377
174,630.0175345543363
175,217.25927782654435
176,-491.73374132670875
177,-131.1417511388349
178,362.3930224172942
179,-14.363038055407555
180,-30.261757361676583
181,-107.32358076729898
182,-334.06259292967195
183,299.5063996464324
184,-103.47221484505495
185,179.8204994671943
186,122.20070887900731
187,86.5803716169081
188,386.48256056699245
189,-613.3611745045835
190,-269.8163873834613
191,260.7314512622864
192,-44.620161280427936
193,-159.15717576416654
194,-145.24559879357477
195,447.22821487599924
196,476.3569859695939
197,121.79421345327195
198,-1.5356790561065852
199,410.7440965387788
200,90.82809979964638
201,150.07336956845032
202,24.03365296154828
203,273.88663405362877
204,-154.52926038025151
205,42.58890150706513
206,617.3417063168571
207,38.93936076142746
208,-91.43610119490339
209,225.35327477391078
210,151.05827577085586
211,-86.9166477364608
212,-101.71788958007252
213,161.9377650260549
214,357.87041410354425
215,32.14597818655456
216,-379.14539920029216
217,-165.94213222367148
218,257.4539216945412
219,-124.83850779184175
220,47.08451472299108
221,-67.05065138980326
222,287.17334413416387
223,836.2674277701622
224,-78.73329260205463
225,-293.00922915219576
226,284.916326462256
227,377.9514320082294
228,-473.9426195897219
229,-538.8094549766032
230,-372.9047504031887
231,-83.37700889968667
232,157.46205951911205
233,167.5029145615121
234,-105.69040574319516
235,561.1616879176286
236,-149.35531895746888
237,196.96680512352307
238,-33.819911727580624
239,5.1994198823367235
240,-121.70842296063245
241,53.47357981737763
242,531.2918938411234
243,-157.60262258937723
244,-183.77196239261312
245,643.8322464256644
246,17.78030601012922
247,-92.07939719460144
248,485.4931646050764
249,-221.23657860793955
250,490.6065050484623
251,-43.677159154248656
252,139.93322987117608
253,207.5044744276114
254,17.09264702435977
255,-396.4720331605301
256,-168.30166761529355
257,-75.59324100124515
258,-292.07350780076877
259,-59.37366534663124
260,247.3690470643848
261,206.8311275818551
262,17.462464464079346
263,-181.81148500656894
264,300.17615094548523
265,-567.6387247955885
266,311.5932728526355
267,-9.929511835494557
268,161.40782304547818
269,272.385599229723
270,55.12245741942547
271,-15.278267412197557
272,286.4023019429017
273,387.88861194347334
274,-148.5788886363852
275,171.95235244839603
276,-411.57059222267856
277,213.80253827075234
278,133.93002437371678
279,-99.01717750124305
280,-162.41724224558146
281,-39.0741901134785
282,-295.1584521832386
283,141.3248135435963
284,163.05983005334403
285,-55.455401462416894
286,-145.74067609352218
287,16.35046243635327
288,-364.29855848282796
289,558.6630187376719
290,40.05066121900674
291,67.63734504296963
292,559.840084655466
293,469.80694715741686
294,-149.49980105452914
295,-328.82278669969537
296,425.7713170466746
297,85.50466241179332
298,-166.91553705584892
299,-662.2984070393494
300,50.280391653003385
301,-11.355718332959826
302,-451.81126444953264
303,78.67283313413088
304,-386.81879991735616
305,-273.227383052373
306,352.0150454400227
307,-263.84804091810264
308,-214.73022299361045
309,-84.8811548973856
310,745.883279125423
311,-418.97510845227634
312,739.1991251661938
313,-469.0774263529467
314,481.8298448656705
315,363.20797478743935
316,-270.25304182071915
317,-399.5921247161321
318,234.45728030706582
319,-38.734693570327366
320,238.36874871850796
321,28.697441990183684
322,238.23095785965478
323,-130.0074403000002
324,-681.2945617788482
325,61.58065295954395
326,-444.9298506709588
327,-14.713208392839352
328,680.4767823428575
329,288.7326064937663
330,839.970490155672
331,416.6574765191812
332,167.35603728915856
333,-86.77953786706635
334,332.7699676004357
335,-201.3344309342536
336,-43.62508298784183
337,-107.90237779609659
338,-284.03573802517036
339,232.60855717832777
340,237.83315171540178
341,74.39980567720333
342,255.51770406364528
343,-168.64961928561007
344,68.56334601629005
345,-365.44198172525984
346,189.70649886094526
347,-369.83324976670974
348,-250.9002439023792
349,76.31355019623207
350,-344.94550923377557
351,-187.42339326812717
352,482.169756982522
353,125.75266972886008
354,450.69194375218706
355,216.1761901820816
356,34.34193571930528
357,57.51145596121625
358,-211.41949894712585
359,49.76249180949337
360,76.11104020758378
361,-29.19625449044011
362,33.04895852873598
363,364.5627121630996
364,234.48280987315343
365,-21.796554859092293
366,-476.93787704780095
367,43.56765899304606
368,-310.9572136651705
369,-46.94111622603784
370,181.1955810713361
371,-214.96242982007178
372,-80.22706031522209
373,841.2082291657402
374,102.35678708587037
375,37.29773804688123
376,77.39818275960202
377,435.79452149369143
378,111.39479265155687
379,-128.82922415387375
380,573.0501210583953
381,48.60246807791156
382,-68.55414659218756
383,56.68162450582987
384,-360.30993199944
385,131.90192283450432
386,-264.52589763343036
387,-378.7932497249932
388,-190.09929259976607
389,862.9152130409631
390,159.57649666231165
391,514.0204635801456
392,61.387667803408135
393,720.875895832659
394,-450.9767310398023
395,105.8944421199969
396,-27.53260304400333
397,-23.435561966771765
398,331.20599829494796
399,-156.02456394824003
400,0.9477018385608252
401,17.232405165319403
402,143.2390841702135
403,53.22645139074792
404,41.01334926979474
405,-129.39255146834734
406,430.91652104593095
407,-427.9096196573552
408,49.11400485209258
409,-221.6475803891887
410,-313.75971218684936
411,115.24452244706919
412,96.10097204453515
413,-399.9159849424218
414,-8.411407923564147
415,733.1841324374711
416,-332.4267664916511
417,83.67612042194469
418,339.7927486554423
419,-35.11570131451453
420,38.20433543387775
421,-606.1984890559296
422,194.2728533894617
423,155.031551161582
424,-111.2564778734814
425,-63.33937163651656
426,403.93581872896317
427,690.9194303358616
428,75.78129943644998
429,-340.3154065235755
430,-195.7615954269811
431,40.44513870875424
432,-137.65418796029294
433,-95.67479658954467
434,290.8435378725039
435,568.4646813472775
436,351.2186507540759
437,194.7151665816842
438,-312.15084208719446
439,-518.3107868724488
440,-80.75158048061472
441,-109.91053830578541
442,491.4108364751962
443,371.4851448604935
444,343.85664466843593
445,114.60785397368245
446,-315.20442190988314
447,83.10396509306983
448,-82.59915101774256
449,-182.21902722527744
450,-294.91729245130387
451,-294.21055531486934
452,611.5470417356511
453,-34.7561341035919
454,-115.04157690057774
455,263.2793379023779
456,346.0565120928384
457,194.6116152691112
458,257.35614963849434
459,-303.20809492711606
460,-173.19591085705804
461,-88.5398344857835
462,137.60161200011453
463,337.04864927806716
464,155.72523460362729
465,-250.29079290524018
466,148.06340015143437
467,333.68218860937606
468,-260.3363923834267
469,340.30790922791476
470,224.68535571269553
471,-607.2797170619318
472,-54.85959294091799
473,-685.0910817258437
474,268.2582707785933
475,108.79743563388311
476,-233.16761717272203
477,115.89088157850372
478,75.28875461498431
479,312.58695394034226
480,78.4259070467948
481,-509.63079643958383
482,142.15294578474683
483,-567.6096744598851
484,99.197844110129
485,181.76569364681026
486,-27.40709839435873
487,-646.8210508159772
488,-261.63281625029845
489,-398.87688919781476
490,-259.4107520561832
491,-252.05740356799095
492,-25.647967227334195
493,-479.3579494231408
494,109.91068619021932
495,161.94257969114065
496,-436.8071742397558
497,-66.01220442256925
498,-73.60538265407085
499,51.002739446194965
500,7.609681032164945
501,-38.39048673108444
502,493.5959706069295
503,-303.4490805444861
504,285.3630587606863
505,236.93082121946406
506,-112.90288738209156
507,-104.91639705404548
508,70.11071172015264
509,-334.40218077461833
510,-526.1520613513325
511,26.69512668154113
512,16.625076878907734
513,-282.62391868623985
514,-156.76438922324917
515,-368.7038524010554
516,87.2669838839728
517,9.621961449395561
518,159.33855433394973
519,737.8354361900712
520,-63.52561489683812
521,253.39234540406767
522,-195.47926226047906
523,-233.6040627570069
524,672.0430027603306
525,161.02647811634083
526,-86.92388588378303
527,767.4499376317864
528,300.1434547015416
529,-264.63326212053136
530,506.80692249836767
531,413.73257578606035
532,-227.95565420458772
533,270.7218219182451
534,166.27214538843137
535,467.8359469952977
536,691.014192741332
537,-235.1955016257739
538,-204.4947563378352
539,235.56549902567016
540,481.50822898950327
541,-404.2863716261704
542,499.6345988790234
543,-280.42362428355807
544,349.6353570127738
545,56.27921855932583
546,377.783824199552
547,58.23929412508204
548,424.29981217464865
549,85.80041244154721
550,-252.99288852459037
551,172.86784495502113
552,-190.10660020571572
553,306.9642865236698
554,-179.11766493342517
555,-155.77590494004855
556,-208.75257057910935
557,-257.4259780204172
558,-187.88708045784412
559,178.9596858980328
560,769.2994246067665
561,131.4540049564641
562,-86.33605847725563
563,-440.78969412879917
564,522.2063378416939
565,74.26044537058804
566,-273.3451908082494
567,23.88548320272235
568,-140.88619011673734
569,337.4418933254643
570,63.42512024403287
571,-78.12104360563913
572,-209.41596150610798
573,-354.3022169957896
574,261.54958940727454
575,252.78475303502256
576,415.3327934963977
577,-341.41062177496264
578,-101.54306561728929
579,-82.98003734434698
580,-146.19185945083163
581,-400.9570095088503
582,114.68810161530686
583,-318.4094491728416
584,-27.128651113152735
585,253.392063550323
586,-15.161597235908912
587,490.2763101566994
588,67.16055415515999
589,-583.6536301606624
590,566.8292227808797
591,-659.7840206113424
592,-280.34458657663146
593,-618.4849576034644
594,-403.081521772083
595,52.58079586777714
596,154.1372478179059
597,-187.18724588645784
598,45.06432286401861
599,389.86980245897723
600,497.4944277009729
601,-172.60466145696986
602,-199.48804830691265
603,146.33213540458783
604,-745.9314211823647
605,-230.93578234679637
606,-157.7376882351052
607,170.55585672160552
608,58.52819579127422
609,21.77823537708429
610,-33.84543238859469
611,527.0115321450191
612,370.35979324782176
613,-83.70884929336712
614,-297.8667818275181
615,379.6300416409039
616,-194.49981867886407
617,-59.08115423923969
618,-59.05074145608463
619,-265.795331040641
620,-488.3242148449635
621,-28.133316815095856
622,-110.89724251664026
623,642.5198198743134
624,-25.104958245574743
625,368.27465472014757
626,274.7992135270428
627,416.5261293363836
628,110.57324867984353
629,561.378352052167
630,497.1437621157771
631,-201.60987734450958
632,-370.05229826158825
633,731.0573724235965
634,-380.13707915516846
635,-200.60251550520988
636,272.0860118937544
637,269.8405899107624
638,-243.56399508534466
639,-80.64209434586859
640,-467.97701289855354
641,384.10330917171484
642,-158.51464076438097
643,-321.1429089790816
644,-72.30709812158405
645,244.8965010486315
646,-111.76687989927696
647,-71.30354161628627
648,-97.14900534513949
649,387.99285294446383
650,134.0797608254547
651,-372.7245397183451
652,-153.89734891410555
653,376.05572467830643
654,-45.066999727282244
655,29.111024201618413
656,-164.3884137139246
657,291.3802875570236
658,-389.64290898924634
659,-145.45381366072766
660,276.5061419927233
661,-134.09381091719078
662,82.94811155481153
663,143.77337061052765
664,230.853778230408
665,649.8980469913482
666,188.10011410399258
667,170.77221614376364
668,-533.8474844790469
669,-516.1349688253714
670,-356.786974672165
671,480.903743205648
672,-54.53599296167691
673,-272.66057204037935
674,-89.16369341976613
675,-97.40004082496237
676,-264.2980377506251
677,-558.85167596104
678,-18.22317398982459
679,238.68337858798114
680,-107.49682687897534
681,-439.7371496922752
682,-366.0873776204498
683,540.4744022919006
684,-335.9192295399911
685,128.98481364662385
686,-360.46505927788485
687,-211.01458656820049
688,115.70383605399721
689,-723.6333562247712
690,380.8939221056096
691,24.30096980575359
692,-145.38761452740962
693,-157.28295617853752
694,134.10336003673115
695,215.95710077116382
696,-310.20616373438986
697,18.018883693843268
698,-287.1696947296563
699,-244.82888943623988
700,-126.1519063210305
701,-276.8510336972005
702,-63.90282319538492
703,-268.2907419843641
704,80.99060618707686
705,135.49197649147882
706,265.86171737073784
707,290.15338931857343
708,72.85750706987663
709,-88.64501838284382
710,-562.5238017086135
711,-257.9685916645934
712,-88.32818773227672
713,-608.9048913545766
714,16.648129846868645
715,-117.99664144508677
716,244.4881358582514
717,60.96132064652629
718,640.8504726114281
719,15.073592658661681
720,135.00644430477337
721,39.52337453323232
722,86.44560574134363
723,20.33765461545432
724,217.44242023197987
725,-8.574845990248729
726,172.39758731739985
727,-326.0037487732919
728,347.58134072403783
729,128.9580390911479
730,-379.75008861295436
731,-134.706957056627
732,153.56888514342194
733,-72.12278608897095
734,183.3084883057272
735,-456.53877619138063
736,152.2753016259957
737,-20.658280599070476
738,245.62232835465772
739,776.4009728233563
740,-320.1434529602262
741,-479.31970828477813
742,-69.75434860290723
743,-372.01045319605
744,397.2822473818069
745,94.97293025154147
746,-545.8700939849751
747,92.7173308480325
748,456.62324679869664
749,140.3351962920403
750,-542.6167845034429
751,33.25617847305648
752,237.54555311936699
753,-260.5147806037741
754,-227.74117804894533
755,-18.374207944644468
756,357.2320793577921
757,234.16866322379437
758,309.04949086471635
759,109.41620907267945
760,297.0462771953374
761,431.2827186897729
762,-285.90275415168463
763,-461.12318506056477
764,458.8411685202924
765,-35.13247865793477
766,-138.96677867278007
767,435.878111354139
768,-327.551732481243
769,-16.175842225601926
770,32.68738315097048
771,-143.11036093613308
772,-82.91163796819328
773,-26.395849579090246
774,-295.9065424837703
775,-300.9445513092775
776,-157.03746176056197
777,-444.1054251705688
778,55.54295923374473
779,136.0957334337382
780,-59.93423441413711
781,774.7869393558558
782,-291.8214694025425
783,449.654513358053
784,-231.20082491305217
785,88.18058840405158
786,511.68238161594576
787,27.698913991855175
788,69.7190034307861
789,-684.0304286748209
790,-181.1657541891057
791,-592.2856835316278
792,-326.3723044913688
793,527.5739554313373
794,-175.98223228892593
795,555.3273243262524
796,-40.062192569477176
797,-242.90961184425697
798,466.4750098322097
799,209.72657821779964
800,112.47399028633869
801,655.9597092112734
802,-253.67288201365108
803,-143.14006436902682
804,261.90903344912493
805,-51.430524620988706
806,-646.5343714931208
807,-114.11730645512851
808,126.1493111800803
809,204.5934628589963
810,-300.3936136583138
811,-415.68674588953877
812,6.4491528842809664
813,72.80107777482938
814,160.66087208145282
815,249.3116892918177
816,-248.28534524656288
817,7.830629922613634
818,-466.38382701666
819,290.15144404460045
820,-309.03320656334023
821,528.6916611956276
822,372.4938479322529
823,-328.08626630968604
824,-94.65873407724996
825,55.56919414045789
826,67.34382419031697
827,-533.6683812491303
828,-128.10863350344786
829,-542.9948584464204
830,54.63463967257914
831,182.66043483267873
832,-41.299485730892556
833,652.8127633917358
834,-336.9657807378881
835,99.9628201977376
836,811.790016336707
837,-346.252116065299
838,103.69087960098467
839,487.7360812633339
840,120.89569101399083
841,-324.3296740543677
842,-136.41212971214532
843,-41.924430030977064
844,282.70298658023245
845,345.6203289702041
846,124.69798534752405
847,-206.1133528337341
848,155.93998583214128
849,-443.76722994338434
850,-273.3430034005981
851,195.95033081854604
852,-30.690040851399544
853,86.56778659815272
854,-312.21136188949674
855,41.005246961458205
856,307.67518019994725
857,532.905949421405
858,260.1616805633807
859,362.0055075337359
860,101.32898120196622
861,38.44129613989347
862,20.26767475390359
863,117.44024988074591
864,573.6911827078566
865,-507.59205851450116
866,-211.76962671045686
867,-78.399897404282
868,-319.5737676595741
869,-267.44656441833405
870,-780.8570319676236
871,50.229980556443365
872,-298.5490108171663
873,23.39238652311824
874,-76.29059741014919
875,-257.5974704642535
876,171.5643650979661
877,-121.60078316249012
878,-451.37377685542964
879,81.13533884268317
880,-212.55249317142696
881,-3.5349272290953397
882,-408.2554810001864
883,-158.6513319446576
884,238.39834201613195
885,-133.0357232736987
886,-266.0840826060647
887,247.74270438194753
888,347.96654428323717
889,-511.31524281086627
890,21.815871215018504
891,-163.84140964229059
892,-472.560836397049
893,-365.0082671512371
894,272.43713793224
895,92.37376374891524
896,491.8081456846512
897,-200.0360581358108
898,144.31490824987435
899,-554.3580524200005
900,-449.35755789415947
901,565.01548017996
902,446.31875807462075
903,309.69738818741376
904,282.92794140775266
905,176.1976281899674
906,-315.1418517603804
907,612.3377931152997
908,274.25223124773095
909,-19.436173058564744
910,404.62544777052506
911,47.26648142698542
912,101.89624080960559
913,98.14809562777711
914,-231.35258244372093
915,136.3361231916431
916,-150.31005926794805
917,461.1995499787892
918,145.69015888427143
919,-405.8237418755599
920,-405.5525658750979
921,213.6739436505608
922,-204.8036402731436
923,-118.57063791050908
924,675.2302648290723
925,145.1619878685328
926,489.6870020199615
927,-173.76557459369204
928,89.69168465283617
929,239.01179154231002
930,-68.18000068660305
931,93.66677561513177
932,-196.55301722008394
933,-711.7534447200954
934,-104.15023991148834
935,55.73003950123008
936,74.24035058478647
937,625.7495908769059
938,234.98688486875395
939,221.59294793875677
940,61.931591756794184
941,239.73644833443768
942,-21.33808181831699
943,180.1647362970905
944,14.918627995499076
945,-374.8656883482513
946,-397.5149288584036
947,114.66690843216223
948,-269.6162287989416
949,0.13921221448979793
950,-34.59484676069229
951,72.73402122667996
952,-188.80556313903784
953,-365.53367192345405
954,-67.59552255426529
955,19.50117013917992
956,212.7825901382353
957,170.7228468826313
958,48.75605588201957
959,-239.44652279164703
960,409.7382051551786
961,399.86800565031
962,18.693100459976748
963,165.7669719598437
964,-124.38945349671096
965,54.99452321278779
966,640.4320745648705
967,7.57879273555655
968,-265.0476304100109
969,1.6927330910943634
970,18.517133621268737
971,-248.85163930169307
972,106.86193154650864
973,251.63914312090947
974,133.8377395364066
975,-358.26696137693216
976,426.26144731764293
977,71.97842246974034
978,-322.0875596252215
979,438.84026750159404
980,-40.1321144913416
981,283.8035686529259
982,-487.9061953325877
983,-86.93302825214933
984,-470.85015109169007
985,73.14648277315283
986,-688.3900989407994
987,392.47856756604045
988,-328.63103749553795
989,149.39160063469058
990,321.79311476060695
991,584.393087045063
992,206.75729570024848
993,36.54822599700836
994,-37.778285211187814
995,-551.0517094651389
996,-107.85120387757077
997,-176.80602795353246
998,-356.88949117318214
999,418.41458411247766
1000,-26.13349601698316
1001,-213.90951362803006
1002,246.57978881987785
1003,-32.01102494971294
1004,-126.73258849582449
1005,26.91449155762065
1006,198.9219737629524
1007,-18.843554414706613
1008,-119.51484607642108
1009,-389.90376053107434
1010,-149.50928607148003
1011,-308.96203021469404
1012,-478.7771604137539
1013,-616.7291412522802
1014,-25.89082961138445
1015,-133.17659031686284
1016,-633.05872522932
1017,-32.26329474560796
1018,28.795819581693756
1019,-290.00132364066116
1020,-168.02496539200243
1021,-173.84102001973844
1022,107.27955415166507
1023,278.3287852070006
1024,164.73665181591343
1025,596.7860199506162
1026,737.7802177171227
1027,-57.04439870388669
1028,-20.38191302788481
1029,193.11140830024638
1030,150.952422203682
1031,-340.87792585586664
1032,207.5565702465372
1033,-27.6747261258914
1034,-146.95165736571334
1035,-121.88066829612526
1036,144.47950532989117
1037,333.209531678896
1038,-452.5131209680469
1039,-208.5368467442231
1040,265.8449475236099
1041,-86.19645950050143
1042,-456.0106179223636
1043,-377.730047201427
1044,277.55668897045547
1045,-98.28816556864494
1046,-258.6774182328506
1047,508.513021646592
1048,-27.82946676741383
1049,-397.8382252241886
1050,27.294231548042934
1051,55.460906962911295
1052,86.52443961502752
1053,-417.71826706416607
1054,265.07469217436994
1055,126.49537980057339
1056,-731.2337998933442
1057,26.768529070431704
1058,15.172424965472375
1059,603.1491770539616
1060,-68.51036908575966
1061,-630.1588497389263
1062,391.43989504517134
1063,191.2673977127142
1064,-82.79915889804477
1065,874.2798355716827
1066,130.10220965607948
1067,24.8252576298383
1068,10.015684555529734
1069,407.55355195098554
1070,184.9337224498378
1071,699.4013403550846
1072,12.874182171249132
1073,-569.7950312054743
1074,-60.61826753027326
1075,-96.5894429258612
1076,19.660708357383417
1077,30.22596905006647
1078,-107.06858214835717
1079,-23.448153023309374
1080,-16.563489755114308
1081,18.76731799858661
1082,145.95038182220605
1083,-428.10275660092117
1084,-158.17477611037324
1085,-44.37808089678716
1086,-411.29977054483015
1087,218.4210180820257
1088,141.24530784475243
1089,316.63475597059136
1090,93.68023982535571
1091,154.16405402565425
1092,-132.92025023590955
1093,-293.87357139530684
1094,485.30634558787676
1095,-271.2294815068561
1096,373.3831471784338
1097,-359.6695987563295
1098,-459.9923044506959
1099,209.05369852328357
1100,46.74008351487575
1101,-767.8965435991806
1102,-153.96946682570606
1103,-66.6828924615685
1104,-15.944035080886621
1105,16.075984344999544
1106,157.03893670157385
1107,585.6578635592917
1108,-259.63810597939295
1109,264.48646669308624
1110,171.55865069952833
1111,182.0657255450844
1112,-336.8833733608899
1113,-403.2385387031549
1114,114.5777251079569
1115,161.83644349638925
1116,-628.044701000104
1117,242.0117530553868
1118,362.8630361176549
1119,60.7137064042439
1120,-359.31123121325794
1121,-379.081879505725
1122,237.83778494978807
1123,-293.4175091399266
1124,-397.45137920298345
1125,159.58885605132713
1126,365.03747521359605
1127,-720.6128464897363
1128,500.16486577148396
1129,-11.265810006164509
1130,-69.35501502523688
1131,250.86562155967772
1132,-169.30678540802452
1133,120.43720692692624
1134,-39.9531578253931
1135,-520.8790659997453
1136,-631.1061053453731
1137,-189.4512872458679
1138,73.57078736644387
1139,39.63813193628235
1140,-459.83743877510364
1141,4.029071723496484
1142,-197.44889965681884
1143,62.38974256914556
1144,-186.44535236927044
1145,-133.60822019560126
1146,305.02297895286455
1147,-46.02246759214457
1148,-42.28147598500792
1149,-174.61342313978014
1150,-221.8174242781681
1151,-177.58255371476795
1152,-1.6457791602112197
1153,92.19561472892597
1154,380.6366433481231
1155,5.176285533507099
1156,-43.26413786036046
1157,138.5690976831351
1158,-644.2373399718072
1159,-264.0526485409817
1160,388.0771113359532
1161,-314.5755039675309
1162,68.59577885369679
1163,313.9025059586695
1164,-174.13638000550108
1165,75.2450609171653
1166,-48.30049653479226
1167,366.32813493054186
1168,-300.9531752245199
1169,52.29547497280708
1170,199.76450852884568
1171,-291.45213888117803
1172,-221.25525714195055
1173,-347.6337366501135
1174,-203.1697372256597
1175,-377.922975444604
1176,-39.059901238721295
1177,-27.65770898692295
1178,-4.840069011084526
1179,387.69317018167254
1180,173.07521100861598
1181,932.2704016789726
1182,-79.75948934966281
1183,140.83197737225012
1184,39.68402985812686
1185,443.5242080443138
1186,342.3599487202396
1187,-137.85795258406372
1188,596.3305304911727
1189,207.646926423507
1190,-628.7444696897288
1191,498.51770649884514
1192,-157.93924874004878
1193,351.1078397657421
1194,21.711333535600165
1195,-147.85882005549394
1196,204.57246274928235
1197,29.474618249413723
1198,121.43392964124456
1199,-565.6199353865658
1200,-229.61058695852753
1201,-46.804477108742915
1202,686.9993413504836
1203,-439.3760081383566
1204,-564.3067809262274
1205,-449.44523872061205
1206,-187.0133755779532
1207,63.71447075230592
1208,226.53217961129113
1209,-238.26195886607547
1210,8.031752667965764
1211,-360.68869418514595
1212,-123.99311613868873
1213,-388.8646194630037
1214,21.025862631445932
1215,-301.50187125630407
1216,215.8774083128961
1217,403.51021004979947
1218,435.697603356926
1219,-107.10092088372235
1220,186.046920783736
1221,347.5694847398058
1222,258.81395911530603
1223,-431.37566148179536
1224,-169.35938198101957
1225,106.38668004303847
1226,11.406343347778753
1227,362.59620402956443
1228,-602.2073540911468
1229,707.5559184457964
1230,202.17491878205442
1231,-50.33711976765602
1232,-170.32942345324838
1233,-33.31137090394928
1234,194.42983492011547
1235,-358.5893509674061
1236,-212.26535326917733
1237,-291.4211038222634
1238,295.5576189497125
1239,-278.97338727308284
1240,23.65365330011088
1241,-64.46361090683962
1242,-550.5130672413401
1243,541.3432697524745
1244,95.06333041131371
1245,14.598207374633349
1246,108.6088351912706
1247,-390.97470911424216
1248,358.6664196608999
1249,-656.7373713546341
1250,39.6217040406494
1251,-112.10781397641892
1252,-3.9966181836038484
1253,-399.3487785294665
1254,-189.9421583026688
1255,25.70500325461961
1256,-514.342309050897
1257,42.90338899647097
1258,-18.93265242156443
1259,-109.32309649965715
1260,-32.89909171394744
1261,-543.8120026538542
1262,402.37108703096925
1263,36.244315379427356
1264,228.30407580009498
1265,346.38302227713626
1266,-401.2227069906852
1267,54.05719773136572
1268,6.86223334808341
1269,-3.8120805658931722
1270,-445.4514919738887
1271,162.0875187432684
1272,176.3675250138723
1273,-516.9719819284379
1274,189.9931600934894
1275,-164.45712796519356
1276,174.2099471283275
1277,-510.02977631488386
1278,174.78488510987185
1279,-352.7463243272846
1280,-145.46097708961736
1281,456.97186117066343
1282,-463.5148906726284
1283,-363.5842764043934
1284,-157.8480822849026
1285,-195.36060962026104
1286,152.04068775685434
1287,-197.09226766881787
1288,36.48096536871979
1289,993.224877978469
1290,-387.0287931868165
1291,-6.616510882802273
1292,-272.0688608858402
1293,-138.59954551011236
1294,-105.03944861259998
1295,-21.529524404723336
1296,91.05719915023012
1297,-65.79119714947257
1298,164.47287710093684
1299,-17.997827027464194
1300,783.886659713915
1301,-339.23112472431313
1302,-196.48456361783548
1303,357.2184954096838
1304,186.3106252115682
1305,138.09410368403215
1306,-11.632461477736891
1307,175.80916373420305
1308,-224.61734983236357
1309,68.85579641186769
1310,201.2111313900387
1311,257.8711428771624
1312,-432.8705595172993
1313,-893.9998008184407
1314,671.8650784658583
1315,-143.37264919121688
1316,622.2386586662818
1317,179.38442629047108
1318,553.7744088919068
1319,133.39922116403957
1320,-278.7634418316655
1321,-316.6280409529856
1322,503.41566288266563
1323,282.6871359966568
1324,-192.34979075415183
1325,-266.506215935174
1326,28.442092691972686
1327,-502.8106644889359
1328,-284.89716781774086
1329,334.32539610270493
1330,131.85559421631135
1331,-163.06900527507025
1332,207.69781044505115
1333,84.53775535541796
1334,26.259629066102537
1335,-255.92213730636627
1336,51.28290274248171
1337,-102.04962146231355
1338,160.43430410628517
1339,285.39335595631
1340,-58.840964521681904
1341,103.10534910666024
1342,-294.3112930187337
1343,376.90749077827456
1344,69.8018669339696
1345,866.0001885226097
1346,-39.372896580539205
1347,64.61420289331852
1348,-169.65603416906657
1349,-545.1873976320012
1350,-61.76963684753732
1351,-497.32028453380724
1352,462.2911105292884
1353,-153.2691425095546
1354,-206.00694145910433
1355,-139.67967903899998
1356,-86.31603500008453
1357,589.4439429065613
1358,213.39162365467152
1359,160.84269205249922
1360,189.14311879095578
1361,-353.6233316812045
1362,-195.46146888134894
1363,-130.97048784757058
1364,-411.89784821070896
1365,339.5361109610366
1366,278.7080285787559
1367,262.53933089099473
1368,-182.31524737855918
1369,312.59253988430777
1370,292.50696602849087
1371,-191.39812913021643
1372,97.19896589042895
1373,-323.06245196934884
1374,-641.6335236830932
1375,34.404317785942304
1376,332.61463954493945
1377,374.3942908011438
1378,79.74057443698317
1379,-175.6645414801179
1380,161.8497799905447
1381,247.7096272690799
1382,90.73858219235959
1383,406.9195427827254
1384,-128.29338404491466
1385,131.27330755535644
1386,729.309441627626
1387,721.951650776264
1388,-177.9400006337244
1389,709.5229020169668
1390,68.44182794627685
1391,-488.0481067137061
1392,152.74593914617483
1393,-239.25028478333573
1394,-147.28095714479554
1395,-45.20831857564725
1396,-222.12449344542785
1397,-332.6152838819184
1398,-119.36737582300547
1399,411.59761537416523
1400,165.38288375398974
1401,488.2754656867205
1402,224.14489930098816
1403,57.123193278739734
1404,264.66502019787265
1405,-126.75098294470884
1406,-376.2060205940082
1407,48.7913739177853
1408,420.1980640051412
1409,-415.5596397131075
1410,-45.07267871498865
1411,-169.48557453543268
1412,744.9633226613822
1413,-534.1845713199513
1414,-151.03112809100827
1415,577.9358654693668
1416,46.72638739061004
1417,311.55408180562057
1418,357.3063765881061
1419,265.41273843983964
1420,-253.5973690253511
1421,-473.8813440500304
1422,12.688444605876152
1423,-132.5642669004884
1424,72.47381920347902
1425,217.43580522922437
1426,-335.7785201122076
1427,-262.20462447685316
1428,95.51698320910117
1429,-209.1819202453608
1430,456.6356734923439
1431,308.4305601974658
1432,-28.853731125681303
1433,-358.5178471510815
1434,128.3117267744262
1435,145.62472438145969
1436,95.66700803418333
1437,268.28354091308137
1438,-466.9244162464658
1439,-314.32094969126985
1440,344.7406648862788
1441,220.7075581367103
1442,-578.4755239012403
1443,174.8090781147951
1444,399.94148396073336
1445,732.6720966332525
1446,667.3027303329152
1447,-63.09651298272061
1448,245.90652202892142
1449,21.73019301949125
1450,-248.6526404247263
1451,-197.04075505174046
1452,-282.0464722650838
1453,-81.15238925755514
1454,52.36536160378578
1455,-2.2571267781340953
1456,-758.8756116063792
1457,213.49145912248963
1458,-169.27147826397473
1459,184.72028865201366
1460,256.5643049747526
1461,-63.248897776519904
1462,-272.7178718373246
1463,135.7944634714895
1464,455.78074339530644
1465,-129.356376521718
1466,62.87337039221842
1467,-386.85293789480386
1468,267.2276588361108
1469,287.24118692262897
1470,-52.09972865258602
1471,76.40695664839082
1472,-138.16215089737975
1473,203.5561486423062
1474,15.488711020265198
1475,-5.96808251696901
1476,-31.644142590968855
1477,221.56630230692465
1478,-687.0023182063173
1479,483.7842231435418
1480,958.0223790880729
1481,191.59606092931182
1482,-58.58970557453699
1483,259.46230620404464
1484,-6.316757561911934
1485,-270.28846900008864
1486,-772.4642296251143
1487,-146.4633192619979
1488,-37.781460993014264
1489,331.5519575822497
1490,570.4745741117812
1491,-182.59989627575308
1492,-356.0940866069387
1493,84.1429512103632
1494,-115.72664179916752
1495,431.89838199541
1496,-39.027608360856114
1497,28.163383062946814
1498,-54.06385343329376
1499,-259.96553784016334
1500,157.69687820480905
1501,-451.57353618095436
1502,482.55650486877425
1503,242.55694520910092
1504,-588.1137438098032
1505,81.0170968959948
1506,325.4067394440317
1507,-22.052235150654987
1508,-296.2785041973317
1509,299.0519135861388
1510,468.26993122394833
1511,-99.60746951487795
1512,5.278085447168093
1513,-101.94715017071
1514,172.8154349633894
1515,-676.7207529529078
1516,-85.33458519818822
1517,117.54369571648219
1518,-83.6287873883046
1519,179.7556277016352
1520,-83.35296347452854
1521,-21.4191789522175
1522,292.12474624327615
1523,-100.16396087765034
1524,-295.44507824255817
1525,-196.19961546096428
1526,-90.40349798565998
1527,-58.11412409491153
1528,-400.3793446976431
1529,236.32717532971512
1530,-312.0048905394511
1531,448.8990473727649
1532,202.73550507695418
1533,94.92875456289644
1534,60.24730791750976
1535,-149.43663249088465
1536,406.78338146580217
1537,600.8120265364328
1538,-23.2635594607634
1539,-565.3127069056458
1540,156.44069172561234
1541,648.6215466239538
1542,405.71979646874416
1543,261.80583136930017
1544,22.35608393501791
1545,238.41247473228862
1546,164.56802375270337
1547,-83.34674114858335
1548,209.7749198244943
1549,-198.9743774153066
1550,-78.7347321033734
1551,27.732488101924677
1552,450.3167950749099
1553,-78.31520558005117
1554,-267.6389063338021
1555,348.33187445465813
1556,-404.45503917406865
1557,330.09593949369315
1558,-532.9705587435975
1559,530.1667228331003
1560,-741.0568046410547
1561,478.6495234473415
1562,164.63187921356075
1563,-449.7107531471201
1564,-412.1148110783419
1565,219.12773907510726
1566,-378.6893095030039
1567,368.7333880545332
1568,37.33842695846768
1569,396.493495004054
1570,-29.329794718535524
1571,35.47525183909103
1572,-267.2910755568143
1573,-417.346579791309
1574,-250.30106527663648
1575,-228.957200092186
1576,692.2513473375062
1577,-411.157372065752
1578,482.32117888250156
1579,109.40386922308792
1580,547.6205815138987
1581,179.884265084693
1582,-521.57931018951
1583,-0.5366722202079758
1584,-1.3108832742813623
1585,-248.0508314562957
1586,-243.06806182013364
1587,199.5673007517014
1588,381.3240432569332
1589,-393.1688038873972
1590,138.2324527613485
1591,34.24105569798951
1592,-4.629154614118192
1593,-151.86193128195976
1594,335.5463722270888
1595,-93.14529808270608
1596,507.75321866389623
1597,-355.4656205338211
1598,143.08978438160912
1599,137.94688403626995
1600,-151.04600604389736
1601,-19.601773692468576
1602,105.84882713406152
1603,-172.78518998126455
1604,482.12726370999695
1605,-267.5391741332559
1606,39.90555578612992
1607,-52.85579653107398
1608,-21.222446731207846
1609,155.37989346108427
1610,-96.06927783501543
1611,-163.17530409699768
1612,-180.36573977355008
1613,-264.67843452359915
1614,171.42795164643726
1615,-11.457713362940819
1616,239.99734190689577
1617,-39.849953838416845
1618,-211.74160655795762
1619,-354.16935617356495
1620,72.47946295208936
1621,306.8202044401947
1622,10.71023847916285
1623,-367.9516429972722
1624,280.99867828489977
1625,607.1342789952017
1626,226.0786669570701
1627,565.9296380146837
1628,-147.7674721698986
1629,-314.0375602749053
1630,-180.04553525209056
1631,51.27097737987248
1632,-118.81984221413545
1633,-258.2606219427467
1634,-229.83713020204408
1635,200.36475862315356
1636,-348.0714175640105
1637,-584.8608659725458
1638,-4.929876831026565
1639,-163.44221481669976
1640,87.02751929857027
1641,41.5666350434533
1642,-494.8904637770156
1643,-60.887711202976895
1644,-173.55136971975077
1645,181.26452118021416
1646,-51.325709086772
1647,43.95099730518191
1648,-517.9818134858796
1649,-355.5526669032849
1650,272.4021668773402
1651,490.630383446972
1652,-37.23470686782161
1653,100.19178117716079
1654,32.264743116670886
1655,342.3839958945951
1656,-274.38399640567224
1657,-461.59948018183786
1658,399.11781881563115
1659,59.941662419265754
1660,-119.02693796298058
1661,-281.70905159749054
1662,-127.62868444831878
1663,-556.5819101778264
1664,-79.37923441221676
1665,-84.2839875517504
1666,-212.85815433361938
1667,72.29858467981212
1668,-416.4589989203817
1669,-151.39277066781824
1670,-112.94325746656727
1671,-386.9976053679823
1672,553.3497133654175
1673,-80.93783458087111
1674,265.6051645120163
1675,498.06450504154634
1676,447.8834076769271
1677,-162.95338863409057
1678,121.20351520651853
1679,106.02342845843201
1680,340.50635541497365
1681,4.314416762779926
1682,-92.64783669165591
1683,-354.12957712883616
1684,214.00747653242414
1685,-345.69142874226134
1686,-271.8022086291171
1687,426.3090773781533
1688,-37.757507170521606
1689,-180.46345723783503
1690,-97.58231078807287
1691,347.8223132335274
1692,-237.01309080397775
1693,118.12311870118725
1694,681.4766679385027
1695,275.66334489092714
1696,185.16481639957362
1697,-13.159363367315436
1698,274.07224748719005
1699,178.7610296558817
1700,-178.98039516140554
1701,391.8425175864853
1702,-308.949941096979
1703,-324.83621594838957
1704,262.0871357430673
1705,398.5210640940411
1706,-368.2548804329617
1707,-181.1825114378504
1708,-166.4134720874766
1709,68.98755258725292
1710,-249.49012878431398
1711,443.60337484329017
1712,13.650459883849926
1713,-212.5303785237194
1714,-27.915418712235567
1715,-240.79982184571196
1716,-142.8830914479385
1717,-285.83430439090506
1718,460.6316686800939
1719,-225.10788029950749
1720,97.82651932861778
1721,350.58725687428415
1722,378.8238516684885
1723,-3.884845525270503
1724,-260.9482885668367
1725,-64.56158617381597
1726,-270.60328416669216
1727,-569.4207476943711
1728,142.4683839948798
1729,228.152317927469
1730,170.90589405270896
1731,-88.7330059811656
1732,179.58514596853018
1733,176.78682556049264
1734,-56.27057434824021
1735,-185.8725872968273
1736,100.44658731096926
1737,-63.662179545586554
1738,623.2061139971238
1739,-122.16898105378242
1740,-216.5726412681239
1741,-130.9809745007369
1742,-293.8266585893767
1743,167.92384362730118
1744,9.259507593413685
1745,-587.4956962603306
1746,304.72480941847635
1747,251.46359511685233
1748,-304.0609677452447
1749,108.04336957545839
1750,-218.6718997979019
1751,-105.13018388543674
1752,121.35633108715747
1753,-302.96404134850087
1754,529.6616399285889
1755,-224.55011115095377
1756,688.8598020995777
1757,121.62140840748341
1758,495.8633096373992
1759,-104.89700800321172
1760,-39.403692827713584
1761,-218.43393840893611
1762,-242.07542923760514
1763,328.4691736616504
1764,-121.57062322437379
1765,-351.9613272364553
1766,235.8965433600896
1767,211.8433161338349
1768,581.9859083831258
1769,-187.81685176717534
1770,-88.20353056281327
1771,-121.26318282161404
1772,-682.3449315356844
1773,-61.455993571582155
1774,69.00904133898284
1775,132.894872846989
1776,41.64682074346425
1777,-513.1698248834688
1778,216.74344092334877
1779,-533.8087878872983
1780,-467.10306503157295
1781,39.693989655147426
1782,178.84483759017795
1783,-255.91268436083226
1784,468.6909720129376
1785,-959.1458675174455
1786,201.86251191588553
1787,-282.56870707573853
1788,-392.4349515666025
1789,-219.6877577980361
1790,169.59302266781177
1791,-21.895665769336432
1792,-242.27992228725748
1793,35.58886075134647
1794,336.4403335300452
1795,-63.33152033000661
1796,-4.446048273788257
1797,-312.3153657145602
1798,14.581415571942427
1799,-258.22351273455087
1800,725.8387913302861
1801,-303.82806462040077
1802,-726.1845220640324
1803,93.42268369441375
1804,92.79798258372091
1805,342.4123292506736
1806,856.1825394344158
1807,-54.88314706218453
1808,-213.13720641425311
1809,-365.0835488849499
1810,-733.4819620034934
1811,-206.05838193577796
1812,-418.27223526007896
1813,358.80446947095305
1814,-260.6223453246665
1815,546.234572258784
1816,187.44948665602942
1817,-22.033982900795177
1818,88.73051702341276
1819,-243.13847978487837
1820,-41.379666278953785
1821,-543.6240241200898
1822,840.8060354669697
1823,402.8242218186645
1824,79.42070559550143
1825,473.38979426396514
1826,-57.64549004681624
1827,210.11286727244325
1828,-185.75745290110024
1829,22.769138003584978
1830,940.7468340773534
1831,-442.7066678021557
1832,-475.2447822521946
1833,-339.99428398162064
1834,541.6463647301905
1835,333.499079564675
1836,-765.4962533792766
1837,91.1931891808703
1838,164.45073228966328
1839,274.61283312274014
1840,263.188253898037
1841,303.62233467676543
1842,-92.18952553795881
1843,208.97371337568327
1844,-170.03419050961804
1845,41.558196358047105
1846,-670.831365109927
1847,452.65937770407015
1848,741.8102612544465
1849,420.5524115040721
1850,400.35300244817876
1851,-181.6423957556415
1852,162.04635840200626
1853,2.7480936093343074
1854,534.6906446334297
1855,145.05936874351366
1856,245.63977352375332
1857,192.70633663605085
1858,486.5739863716492
1859,525.2699999852707
1860,172.00159142779057
1861,342.5619147140182
1862,-338.4488098951231
1863,99.97133504380356
1864,-176.90171781690185
1865,316.4260102039335
1866,-637.4632411206269
1867,74.533357363902
1868,-319.60935418345014
1869,-234.07357196963443
1870,238.83176324556445
1871,684.2995158543805
1872,-273.39394690634464
1873,229.4938738284965
1874,-191.42805181835212
1875,591.7365509012395
1876,-357.7170769578679
1877,279.34920279935346
1878,16.38534698237491
1879,1015.2321071191631
1880,-44.24764867011558
1881,-259.1203848496
1882,6.6863125711801095
1883,113.4176595002544
1884,164.36906042910488
1885,-219.79091064314193
1886,-50.91215016522495
1887,234.69378482921465
1888,-225.7460471560141
1889,-124.56806112022987
1890,89.33080634586076
1891,-24.039822321153906
1892,949.8138509171489
1893,21.685293242949157
1894,-333.0669156217111
1895,51.63526677112849
1896,-328.74705891806946
1897,-622.2335618237711
1898,-406.8257232673679
1899,-126.38083816157129
1900,-298.35683404440925
1901,-494.63240273285095
1902,579.022340758398
1903,170.42489512238166
1904,160.45127278901487
1905,-127.53245750921027
1906,116.51260749164175
1907,137.24483689523376
1908,-1.235126305627974
1909,613.2508183966257
1910,435.23448086059335
1911,160.38696710023402
1912,-185.47388977035027
1913,188.640655994011
1914,-610.56035131736
1915,23.714657186399094
1916,-97.90469140459405
1917,-120.61345408597165
1918,353.078717335787
1919,-18.442887505295573
1920,-120.28546893417416
1921,15.39291010385682
1922,185.806968047745
1923,845.6527630055814
1924,349.45932877055907
1925,45.89263723696667
1926,-7.237928751002928
1927,-164.71617083395924
1928,107.29963692985854
1929,-99.60009978114863
1930,48.61636926930527
1931,41.19970604370497
1932,661.6732170958687
1933,305.95898794977785
1934,500.4110755868304
1935,-231.16099217574506
1936,334.17773249932026
1937,-326.4023426632574
1938,-574.1806195838045
1939,148.54087270945266
1940,613.9878825912866
1941,184.52036741988633
1942,-216.10046725875586
1943,-616.0735283229858
1944,127.46984067427013
1945,-96.88155439274978
1946,-167.7120378439449
1947,-349.9469948861913
1948,6.614867126929116
1949,543.2797064068869
1950,-362.78103146834076
1951,-330.05741949466454
1952,347.01454873631866
1953,526.4307732934477
1954,-69.34252030456823
1955,368.08942932477396
1956,381.7237196417381
1957,345.8528403280852
1958,-204.68981318862137
1959,157.89721831896497
1960,-967.383364217912
1961,527.9548197579923
1962,-338.84960578595513
1963,609.1811386017579
1964,381.1166205897999
1965,-18.3515832402302
1966,-92.2429183078328
1967,-166.08686551614585
1968,-173.93959945806202
1969,-221.13734204317532
1970,-228.37612245128517
1971,198.0616068094602
1972,-713.0064769343032
1973,-89.68186474183238
1974,-480.00457016778284
1975,-271.73339592270054
1976,565.3236399366713
1977,96.11148263233132
1978,178.61335856961384
1979,-61.17433245470557
1980,-368.69168724005823
1981,4.8477465781774765
1982,414.41382134440073
1983,-760.3183167930508
1984,84.9127153268607
1985,-251.8473255202882
1986,280.70758458952133
1987,-391.2502782510768
1988,608.4991171703748
1989,-27.808460607211476
1990,-123.41411926925758
1991,-130.82924419408045
1992,18.553068892599534
1993,-433.1653758772137
1994,-303.70912611646463
1995,464.71525498508
1996,496.4853344672794
1997,-35.13540941579652
1998,-131.67918453438583
1999,417.26915462133366
